Картриджи для принтеров,Cовместимый,Cовместимый 10 шт.,Ориг.,Цвет
#span#,"Цена, руб.<br/>1 шт.",<br/>10 шт.,"Цена, руб.<br/>1 шт.", 
"<div class=""title""><a href=""ar-916t/""><b>Sharp AR-016T</b></a></div><div class=""clear""/><div class=""links""><div class=""c-gray"">Подходит к принтерам:</div><a href=""""><b>Sharp</b></a>:
                  <a href=""/printer/sharp/ar-5015/"">AR-5015</a>, <a href=""/printer/sharp/ar-5120/"">AR-5120</a>, <a href=""/printer/sharp/ar-5316/"">AR-5316</a>, <a href=""/printer/sharp/ar-5320/"">AR-5320</a></div>",4450          ,4350          ,5440,"<span class=""rini_color-square-black""></span>"
"<div class=""title""><a href=""ar020t/""><b>Sharp AR-020T</b></a></div><div class=""clear""/><div class=""links""><div class=""c-gray"">Подходит к принтерам:</div><a href=""""><b>Sharp</b></a>:
                  <a href=""/printer/sharp/ar-5516/"">AR-5516</a>, <a href=""/printer/sharp/ar-5520/"">AR-5520</a></div>",-          ,-          ,,"<span class=""rini_color-square-black""></span>"
"<div class=""title""><a href=""ar-168t/""><b>Sharp AR-168T</b></a></div><div class=""clear""/><div class=""links""><div class=""c-gray"">Подходит к принтерам:</div><a href=""""><b>Sharp</b></a>:
                  <a href=""/printer/sharp/ar-121/"">AR-121</a>, <a href=""/printer/sharp/ar-122/"">AR-122</a>, <a href=""/printer/sharp/ar-150/"">AR-150</a>, <a href=""/printer/sharp/ar-151/"">AR-151</a>, <a href=""/printer/sharp/ar-156/"">AR-156</a>, <a href=""/printer/sharp/ar-153/"">AR-153</a>, <a href=""/printer/sharp/ar-5012/"">AR-5012</a>, <a href=""/printer/sharp/ar-5415/"">AR-5415</a>, <a href=""/printer/sharp/ar-m150/"">AR-M150</a>, <a href=""/printer/sharp/ar-m155/"">AR-M155</a></div>",-          ,-          ,3710,"<span class=""rini_color-square-black""></span>"
"<div class=""title""><a href=""ar-202lt/""><b>Sharp AR-202LT</b></a></div><div class=""clear""/><div class=""links""><div class=""c-gray"">Подходит к принтерам:</div><a href=""""><b>Sharp</b></a>:
                  <a href=""/printer/sharp/ar-162/"">AR-162</a>, <a href=""/printer/sharp/ar-163/"">AR-163</a>, <a href=""/printer/sharp/ar-164/"">AR-164</a>, <a href=""/printer/sharp/ar-201/"">AR-201</a>, <a href=""/printer/sharp/ar-206/"">AR-206</a>, <a href=""/printer/sharp/ar-207/"">AR-207</a>, <a href=""/printer/sharp/ar-m160/"">AR-M160</a>, <a href=""/printer/sharp/ar-m205/"">AR-M205</a></div>",4350          ,4250          ,5740,"<span class=""rini_color-square-black""></span>"
"<div class=""title""><a href=""ar-208t/""><b>Sharp AR-208T</b></a></div><div class=""clear""/><div class=""links""><div class=""c-gray"">Подходит к принтерам:</div><a href=""""><b>Sharp</b></a>:
                  <a href=""/printer/sharp/ar-5420/"">AR-5420</a>, <a href=""/printer/sharp/ar-203/"">AR-203</a>, <a href=""/printer/sharp/ar-208/"">AR-208</a>, <a href=""/printer/sharp/ar-m201/"">AR-M201</a></div>",-          ,-          ,,"<span class=""rini_color-square-black""></span>"
"<div class=""title""><a href=""ar-270t/""><b>Sharp AR-270T</b></a></div><div class=""clear""/><div class=""links""><div class=""c-gray"">Подходит к принтерам:</div><a href=""""><b>Sharp</b></a>:
                  <a href=""/printer/sharp/ar-235/"">AR-235</a>, <a href=""/printer/sharp/ar-275/"">AR-275</a>, <a href=""/printer/sharp/ar-m236/"">AR-M236</a>, <a href=""/printer/sharp/ar-m276/"">AR-M276</a></div>",-          ,-          ,,"<span class=""rini_color-square-black""></span>"
"<div class=""title""><a href=""mxb20gt1/""><b>Sharp MXB20GT1</b></a></div><div class=""clear""/><div class=""links""><div class=""c-gray"">Подходит к принтерам:</div><a href=""""><b>Sharp</b></a>:
                  <a href=""/printer/sharp/mxb200/"">MXB200</a>, <a href=""/printer/sharp/mxb201d/"">MXB201D</a></div>",-          ,-          ,,"<span class=""rini_color-square-black""></span>"
"<div class=""title""><a href=""ux-6rc/""><b>Sharp UX-6CR</b></a></div>",-          ,-          ,1950,"<span class=""rini_color-square-black""></span>"
"<div class=""title""><a href=""zt-81-td1/""><b>Sharp ZT-81 TD1</b></a></div>",-          ,-          ,1500,"<span class=""rini_color-square-black""></span>"
